Focal_Length(mm),Elevation_(meters_ASL),Endlap_(%),Sidelap_(%),Speed_(Km/h),Film_Format_Size(mm),Scale_(1:  ),Coordinate1_Latitude,Coordinate1_Longtitude,Coordinate2_Latitude,Coordinate2_Longitude,Coordinate3_Latitude,Coordinate3_Longitude,Coordinate4_Latitude,Coordinate4_Longtitude,,Flying_Height_Above_Sea_Level(m),Minimum_Flight_Lines,Distance_Between_Lines(m),,Total_Photos,Photos_Per_Line,,Line_Starting_Coordinates(From start to end)
152.4,300.0,0.6,0.3,160.0,230.0,25000.0,45.5236,75.6009,45.3236,75.6009,45.3236,75.7509,45.5236,75.7509,,4110.0,4,4024.9999999999995,,48,12,,"[45.3236, 75.6009]","[45.52362203650678, 75.65250805766556]","[45.323644153849145, 75.70393362860028]","[45.52366619033801, 75.75554172677025]"
152.4,300.0,0.6,0.3,160.0,230.0,25000.0,45.3236,75.6009,45.3236,75.7509,45.5236,75.7509,45.5236,75.6009,,4110.0,4,4024.9999999999995,,48,12,,"[45.3236, 75.6009]","[45.12362219762688, 75.6521449526843]","[45.32364431496919, 75.70357052376528]","[45.12366651257834, 75.75481551625602]"
