Focal_Length(mm),Elevation_(meters_ASL),Endlap_(%),Sidelap_(%),Speed_(Km/h),Across_Track_Array,Along_Track_Array,Pixel_Size(mm),Ground_Sampling_Distance(m),Coordinate1_Latitude,Coordinate1_Longtitude,Coordinate2_Latitude,Coordinate2_Longitude,Coordinate3_Latitude,Coordinate3_Longitude,Coordinate4_Latitude,Coordinate4_Longtitude,,Flying_Height(meters_above_terrain,Flying_Height_Above_Sea_Level(m),,Minimum_Flight_Lines,Distance_Between_Lines(m),,Total_Photos,Photos_Per_Line,,Line_Starting_Coordinates(From start to end)
80.0,300.0,0.6,0.3,260.0,20010.0,13080.0,0.0052,0.25,45.5236,-75.6009,45.3236,-75.6009,45.3236,-75.7509,45.5236,-75.7509,,3846.1538461538457,4146.153846153846,,5,3501.749999999999,,100,20,,"[45.3236, -75.6009]","[45.52362048590367, -75.64579900818008]","[45.32364103299227, -75.69053925169023]","[45.52366151888334, -75.7354382926184]","[45.32368206595942, -75.78017856853381]"
80.0,600.0,0.6,0.3,260.0,20010.0,13080.0,0.0052,0.25,45.3236,-75.6009,45.3236,-75.7509,45.5236,-75.7509,45.5236,-75.6009,,3846.1538461538457,4446.153846153846,,5,3501.749999999999,,100,20,,"[45.3236, -75.6009]","[45.12362060785547, -75.64548310686736]","[45.323641154944056, -75.69022335047381]","[45.12366176278707, -75.73480648950324]","[45.323682309863095, -75.77954676561129]"
